url,meta_title,meta_desc,h1,primary_kw,secondary_kw,page_type,priority
"/","Cold Storage Solutions | ARCOPAN","Industrial cold storage solutions by ARCOPAN. We engineer insulated panels, cooling systems & complete cold chain infrastructure. Request a quote.","Cold Storage & Industrial Refrigeration Solutions by ARCOPAN","industrial cold storage solutions","cold chain engineering, refrigeration systems supplier","homepage","high"
"/about","Engineering Expertise | ARCOPAN","ARCOPAN is a leading cold storage engineering company trusted across industries. Explore our expertise in industrial refrigeration. Learn more.","Built on Engineering Expertise. Trusted Across Industries.","cold storage engineering company","industrial refrigeration company, ARCOPAN about","brand","medium"
"/team","Engineering Team | ARCOPAN","Meet the ARCOPAN cold storage engineering team. Our refrigeration engineers design reliable cold chain infrastructure for global industries. Learn.","Meet the Engineering Team Behind ARCOPAN Solutions","cold storage engineering team","refrigeration engineers, ARCOPAN team","brand","low"
"/certifications","Certifications | ARCOPAN","ARCOPAN holds ISO, EN 13165 & CE certifications for cold storage. Our quality standards ensure reliable, compliant cold chain solutions. Verify.","Quality Standards and Certifications — ARCOPAN","cold storage ISO certifications","EN 13165 certified panels, CE marking cold storage","brand","medium"
"/sustainability","Sustainability | ARCOPAN","ARCOPAN commits to sustainable cold storage solutions. Explore our ESG initiatives & green cold chain technology. Discover our commitment.","ARCOPAN Sustainability Commitments","sustainable cold storage solutions","ESG industrial refrigeration, green cold chain","brand","low"
"/products","Cold Storage Products | ARCOPAN","Browse ARCOPAN's cold storage products—insulation, cooling systems, racking & more. Industrial refrigeration solutions for every project. Explore.","Industrial Cold Storage & Refrigeration Products","cold storage products","industrial refrigeration products, cold room equipment","hub","high"
"/products/cold-storage-insulation","Insulation Products | ARCOPAN","Cold storage insulation products by ARCOPAN. Insulated panels, walls & doors for industrial cold rooms. High-performance PIR/PUR cores. Discover.","Cold Storage Insulation Products — Panels, Walls & Doors","cold storage insulation products","insulated cold room panels, cold storage wall panels","category","high"
"/products/cold-storage-insulation/panels","Insulated Panels | ARCOPAN","Insulated cold storage panels with high-performance PIR/PUR core by ARCOPAN. Durable sandwich panels for reliable cold rooms. Request quote.","Insulated Cold Storage Panels — High-Performance PIR/PUR Core","insulated cold storage panels","PIR panels cold room, sandwich panels cold storage","product","high"
"/products/cold-storage-insulation/wall-roof-panels","Wall & Roof Panels | ARCOPAN","Insulated wall & roof panels for industrial cold rooms by ARCOPAN. High-performance insulation for efficient cold storage. Request a quote.","Insulated Wall & Roof Panels for Industrial Cold Rooms","insulated wall roof panels cold room","cold room wall panels, industrial roof insulation panels","product","high"
"/products/cold-storage-insulation/doors","Cold Room Doors | ARCOPAN","Insulated cold room doors—walk-in & sliding systems by ARCOPAN. Reliable, energy-efficient solutions for industrial cold storage. Order now.","Insulated Cold Room Doors — Walk-In & Sliding Systems","insulated cold room doors","cold storage sliding doors, walk-in cold room doors","product","high"
"/products/cooling-refrigeration","Cooling & Refrigeration | ARCOPAN","Industrial cooling & refrigeration systems by ARCOPAN. Cooling units, condensing units & evaporators for cold storage. Discover solutions.","Industrial Cooling & Refrigeration Systems — ARCOPAN","industrial cooling refrigeration systems","cold store refrigeration, industrial cooling equipment","category","high"
"/products/cooling-refrigeration/cooling-systems","Cooling Systems | ARCOPAN","Industrial cooling systems by ARCOPAN for cold storage facilities. Reliable refrigeration plant equipment. Request a technical quote.","Industrial Cooling Systems for Cold Storage Facilities","industrial cooling systems","cold store cooling systems, refrigeration plant cold storage","product","high"
"/products/cooling-refrigeration/condensing-units","Condensing Units | ARCOPAN","Industrial condensing units by ARCOPAN—air & water cooled for reliable cold storage. High-performance refrigeration equipment. Request quote.","Condensing Units — Air & Water Cooled for Industrial Refrigeration","industrial condensing units refrigeration","air cooled condensing units, water cooled condensing units","product","high"
"/products/cooling-refrigeration/evaporators","Evaporators | ARCOPAN","Industrial evaporators for cold storage by ARCOPAN. Efficient cooling units for process cooling & cold rooms. Request specifications.","Industrial Evaporators for Cold Storage & Process Cooling","industrial evaporators cold storage","cold room evaporator units, process cooling evaporators","product","high"
"/products/warehouse-racking","Warehouse Racking | ARCOPAN","Warehouse racking systems for cold storage by ARCOPAN. Pallet, drive-in & market racking solutions for cold chain facilities. Browse.","Warehouse & Racking Systems for Cold Chain Facilities","warehouse racking cold storage","cold chain racking systems, freezer warehouse racking","category","medium"
"/products/warehouse-racking/warehouse-racking-systems","Racking Systems | ARCOPAN","Warehouse racking systems for cold storage by ARCOPAN. Pallet & drive-in storage solutions for efficient freezer operations. Request quote.","Warehouse Racking Systems — Pallet & Drive-In Storage Solutions","warehouse racking systems cold storage","pallet racking freezer, drive-in racking cold store","product","medium"
"/products/warehouse-racking/market-racking-systems","Market Racking | ARCOPAN","Market racking systems for retail & fresh produce display by ARCOPAN. Supermarket racking for cold chain operations. Discover.","Market Racking Systems for Retail & Fresh Produce Display","market racking systems retail","fresh produce display racking, supermarket racking systems","product","medium"
"/products/warehouse-racking/industrial-door-systems","Industrial Doors | ARCOPAN","Industrial door systems for cold storage by ARCOPAN. High-speed, sectional & cold store doors. Reliable, energy-efficient solutions. Order.","Industrial Door Systems — High-Speed, Sectional & Cold Store Doors","industrial door systems cold storage","high speed industrial doors, sectional cold store doors","product","medium"
"/products/warehouse-racking/dock-leveller-ramp","Dock Levellers | ARCOPAN","Dock leveller & loading ramp systems by ARCOPAN for cold storage warehouses. Efficient & reliable loading bay solutions. Request quote.","Dock Leveller & Loading Ramp Systems","dock leveller loading ramp systems","warehouse dock levellers, loading bay ramp cold store","product","medium"
"/products/components-accessories","Components & Accessories | ARCOPAN","Cold storage components & accessories by ARCOPAN. Profiles, fixings, PVC curtains & safety equipment. Complete cold room supplies. Shop.","Cold Storage Components & Accessories — ARCOPAN","cold storage components accessories","cold room accessories, refrigeration components","category","low"
"/products/components-accessories/profiles-fixings","Profiles & Fixings | ARCOPAN","Aluminium profiles & panel fixings for cold room construction by ARCOPAN. Essential components for insulated panel systems. Shop.","Aluminium Profiles & Panel Fixings for Cold Room Construction","aluminium profiles cold room fixings","panel fixings cold storage, cold room construction profiles","product","low"
"/products/components-accessories/pvc-strip-curtains","PVC Strip Curtains | ARCOPAN","PVC strip curtains for cold room & industrial doorways by ARCOPAN. Temperature-resistant solutions for efficient cold storage. Order.","PVC Strip Curtains for Cold Room & Industrial Doorways","PVC strip curtains cold room","industrial strip curtains, cold room door curtains","product","low"
"/products/components-accessories/safety-accessories","Safety Accessories | ARCOPAN","ARCOPAN cold storage safety accessories—safety signs, alarm systems & emergency hardware for cold rooms. Ensure compliance today.","Cold Storage Safety Accessories — Signs, Alarms & Emergency Hardware","cold storage safety accessories","cold room safety signs, refrigeration alarm systems","product","low"
"/solutions/cold-storage/chilled","Chilled Storage | ARCOPAN","Chilled storage solutions (0 to +4°C) by ARCOPAN. Complete engineering from design to installation for food operations. Request quote.","Chilled Storage Solutions (0 to +4°C) — Design to Installation","chilled storage solutions","chilled cold room design, 0 to 4 degree cold storage","solution","high"
"/solutions/cold-storage/frozen","Frozen Storage | ARCOPAN","Frozen storage systems (-18 to -25°C) by ARCOPAN. Complete cold chain solutions from design to installation. Get specifications.","Frozen Storage Systems (-18 to -25°C) — Full Cold Chain Solutions","frozen storage systems","frozen cold store design, -18 degree cold storage","solution","high"
"/solutions/cold-storage/blast-freezing","Blast Freezing | ARCOPAN","Blast freezing systems by ARCOPAN. Advanced shock & rapid freeze technology for food manufacturing operations. Request quote.","Shock & Blast Freezing Systems — Rapid Freeze Technology","blast freezing systems industrial","shock freezer cold store, rapid freeze technology","solution","high"
"/solutions/cold-storage/food-logistics","Food Logistics | ARCOPAN","Food logistics cold store solutions by ARCOPAN. End-to-end cold chain design & infrastructure. Request your technical quote.","Food Logistics Cold Store Solutions — End-to-End Cold Chain Design","food logistics cold store solutions","cold chain food logistics, food distribution cold storage","solution","high"
"/solutions/custom/project-based","Turnkey Solutions | ARCOPAN","Turnkey cold storage projects by ARCOPAN. Complete design, engineering & build services. EPC contractor solutions. Request quote.","Project-Based Cold Storage Systems — Turnkey Design & Build","turnkey cold storage project","cold store EPC contractor, cold storage design build","solution","high"
"/solutions/custom/tailor-made","Custom Solutions | ARCOPAN","Custom cold storage solutions by ARCOPAN. Tailor-made engineering for unique requirements & specifications. Request quote.","Tailor-Made Cold Storage Solutions — Custom Engineering for Unique Requirements","custom cold storage solutions","bespoke cold room design, tailor-made refrigeration systems","solution","medium"
"/industries/food-beverage","Food & Beverage | ARCOPAN","Cold storage solutions for food & beverage industry by ARCOPAN. HACCP-compliant systems for food operations. Request quote.","Cold Storage Solutions for the Food & Beverage Industry","cold storage food beverage industry","food production cold room, HACCP cold storage","industry","high"
"/industries/meat-poultry","Meat & Poultry | ARCOPAN","Cold storage & blast freezing for meat & poultry industry by ARCOPAN. Industrial solutions for processing. Request quote.","Cold Storage & Blast Freezing Solutions for Meat & Poultry","cold storage meat poultry","blast freezing meat processing, poultry cold store","industry","high"
"/industries/dairy","Dairy Industry | ARCOPAN","Chilled & frozen storage solutions for the dairy industry by ARCOPAN. Reliable cold room systems. Request specifications.","Chilled & Frozen Storage Solutions for the Dairy Industry","cold storage dairy industry","dairy chilled storage, frozen dairy cold room","industry","medium"
"/industries/pharmaceuticals","Pharmaceuticals | ARCOPAN","GDP-compliant pharmaceutical cold storage by ARCOPAN. GMP cold rooms for medicine storage & temperature control. Request.","GDP-Compliant Cold Storage Solutions for Pharmaceuticals","pharmaceutical cold storage GDP","GMP cold room, medicine storage temperature control","industry","high"
"/industries/logistics-cold-chain","Cold Chain Logistics | ARCOPAN","Cold chain logistics solutions by ARCOPAN. Warehouse to distribution cold storage systems. Request your specifications.","Cold Chain Logistics Solutions — Warehouse to Distribution","cold chain logistics solutions","cold chain warehouse, distribution cold storage","industry","high"
"/industries/retail-supermarkets","Retail & Supermarkets | ARCOPAN","Cold storage & display solutions for retail & supermarkets by ARCOPAN. Refrigeration systems for operations. Request quote.","Cold Storage & Display Solutions for Retail & Supermarkets","cold storage retail supermarkets","supermarket refrigeration, retail cold display systems","industry","medium"
"/projects","Cold Storage Projects | ARCOPAN","ARCOPAN cold storage projects. Delivered systems & case studies across food, pharma & logistics industries. Explore.","ARCOPAN Projects — Delivered Cold Storage Systems Across Industries","cold storage projects","cold chain project portfolio, refrigeration project case studies","portfolio","high"
"/resources/datasheets","Datasheets | ARCOPAN","Download ARCOPAN cold storage technical datasheets. Complete product specifications & documentation files. Access.","Technical Datasheets — ARCOPAN Products & Systems","cold storage technical datasheets","refrigeration product datasheets, cold room spec sheets","resource","medium"
"/resources/installation-guides","Installation Guides | ARCOPAN","ARCOPAN cold storage installation guides. Step-by-step manuals for refrigeration system setup & installation. Download now.","Installation Guides for ARCOPAN Cold Storage Systems","cold storage installation guides","cold room installation manual, refrigeration installation guide","resource","low"
"/resources/certificates","Certificates | ARCOPAN","ARCOPAN cold storage certificates—ISO, EN 13165, DIN & industry standards. Verify quality & compliance. Download.","ARCOPAN Quality Certificates — ISO, EN, DIN & Industry Standards","cold storage quality certificates","ISO cold storage, EN 13165 certificate download","resource","medium"
"/resources/faq","FAQ | ARCOPAN","ARCOPAN cold storage FAQs. Answers to common questions about systems, installation & maintenance. Get support.","Frequently Asked Questions — ARCOPAN Cold Storage Systems","cold storage FAQ","cold room questions, refrigeration system FAQ","resource","low"
"/contact","Contact | ARCOPAN","Contact ARCOPAN for cold storage quotes & technical consultations. Request engineering support. Get in touch.","Contact ARCOPAN — Request a Quote or Technical Consultation","cold storage quote request","contact cold storage supplier, request refrigeration quote","conversion","high"
